{
  "test_loss": 0.0009649487756521163,
  "coverage_rate": 0.0704638124362895,
  "coverage_error": 0.020463812436289502,
  "avg_exceedance_loss": 0.004026057664304972,
  "mean_var": -0.012772663496434689,
  "mean_es": -0.017011776566505432,
  "mean_y": 0.0005561831640079618,
  "std_y": 0.011180025525391102,
  "config": {
    "dataset": "industry12",
    "portfolio": "vol_scaled",
    "model": "set_attention",
    "alpha": 0.05,
    "lookback": 60,
    "vol_lookback": 20,
    "min_assets": 5,
    "batch_size": 256,
    "num_workers": 4,
    "max_epochs": 50,
    "patience": 10,
    "lr": 0.001,
    "weight_decay": 0.0001,
    "seed": 42
  }
}