{
  "var_drift": {
    "mean_abs_drift": 8.184685151846338e-10,
    "median_abs_drift": 0.0,
    "max_abs_drift": 4.470348358154297e-08
  },
  "es_drift": {
    "mean_abs_drift": 1.213909195385554e-09,
    "median_abs_drift": 0.0,
    "max_abs_drift": 4.470348358154297e-08
  },
  "n_perm": 100,
  "dataset": "industry12",
  "portfolio": "equal_weight",
  "model": "set_attention"
}