{
  "var_drift": {
    "mean_abs_drift": 5.227729360512967e-10,
    "median_abs_drift": 0.0,
    "max_abs_drift": 2.9802322387695312e-08
  },
  "es_drift": {
    "mean_abs_drift": 8.281946795030137e-10,
    "median_abs_drift": 0.0,
    "max_abs_drift": 2.9802322387695312e-08
  },
  "n_perm": 100,
  "dataset": "industry12",
  "portfolio": "vol_scaled",
  "model": "set_attention"
}