{
  "test_loss": 0.0009696793647660522,
  "coverage_rate": 0.05389908256880734,
  "coverage_error": 0.0038990825688073397,
  "avg_exceedance_loss": 0.005202850326895714,
  "mean_var": -0.012832402251660824,
  "mean_es": -0.017664268612861633,
  "mean_y": 0.0005456210346892476,
  "std_y": 0.011694022454321384,
  "config": {
    "dataset": "industry12",
    "portfolio": "equal_weight",
    "model": "set_attention",
    "alpha": 0.05,
    "lookback": 60,
    "vol_lookback": 20,
    "min_assets": 5,
    "batch_size": 256,
    "num_workers": 4,
    "max_epochs": 50,
    "patience": 10,
    "lr": 0.001,
    "weight_decay": 0.0001,
    "seed": 42
  }
}