{
  "var_drift": {
    "mean_abs_drift": 4.725839164443357e-10,
    "median_abs_drift": 0.0,
    "max_abs_drift": 1.4901161193847656e-08
  },
  "es_drift": {
    "mean_abs_drift": 8.070135670834588e-10,
    "median_abs_drift": 0.0,
    "max_abs_drift": 1.4901161193847656e-08
  },
  "n_perm": 20,
  "dataset": "industry12",
  "portfolio": "equal_weight",
  "model": "set_attention"
}