{
  "test_loss": 0.0003824811276294306,
  "coverage_rate": 0.02204383282364934,
  "coverage_error": 0.012043832823649339,
  "avg_exceedance_loss": 0.005698340013623238,
  "mean_var": -0.021878905594348907,
  "mean_es": -0.02809431590139866,
  "mean_y": 0.0005633484688587487,
  "std_y": 0.011412269435822964,
  "config": {
    "dataset": "industry49",
    "portfolio": "vol_scaled",
    "model": "flatten_mlp",
    "alpha": 0.01,
    "lookback": 60,
    "vol_lookback": 20,
    "min_assets": 5,
    "batch_size": 256,
    "num_workers": 4,
    "max_epochs": 50,
    "patience": 10,
    "lr": 0.001,
    "weight_decay": 0.0001,
    "seed": 42
  }
}