{
  "var_drift": {
    "mean_abs_drift": 0.004754877649247646,
    "median_abs_drift": 0.0034687910228967667,
    "max_abs_drift": 0.05392344668507576
  },
  "es_drift": {
    "mean_abs_drift": 0.009252610616385937,
    "median_abs_drift": 0.007704154588282108,
    "max_abs_drift": 0.07781660556793213
  },
  "n_perm": 20,
  "dataset": "industry49",
  "portfolio": "vol_scaled",
  "model": "flatten_mlp"
}