{
  "var_drift": {
    "mean_abs_drift": 5.171447159391107e-10,
    "median_abs_drift": 0.0,
    "max_abs_drift": 2.9802322387695312e-08
  },
  "es_drift": {
    "mean_abs_drift": 8.083992919516447e-10,
    "median_abs_drift": 0.0,
    "max_abs_drift": 2.9802322387695312e-08
  },
  "n_perm": 100,
  "dataset": "industry49",
  "portfolio": "equal_weight",
  "model": "set_attention"
}