{
  "test_loss": 0.0010846615154851535,
  "coverage_rate": 0.06243628950050968,
  "coverage_error": 0.012436289500509679,
  "avg_exceedance_loss": 0.005757091101258993,
  "mean_var": -0.013492625206708908,
  "mean_es": -0.017515413463115692,
  "mean_y": 0.0005456210346892476,
  "std_y": 0.011694022454321384,
  "config": {
    "dataset": "industry12",
    "portfolio": "equal_weight",
    "model": "flatten_mlp",
    "alpha": 0.05,
    "lookback": 60,
    "vol_lookback": 20,
    "min_assets": 5,
    "batch_size": 256,
    "num_workers": 4,
    "max_epochs": 50,
    "patience": 10,
    "lr": 0.001,
    "weight_decay": 0.0001,
    "seed": 42
  }
}