{
  "test_loss": 0.0003977969623060193,
  "coverage_rate": 0.020132517838939858,
  "coverage_error": 0.010132517838939857,
  "avg_exceedance_loss": 0.006137907970696688,
  "mean_var": -0.023237410932779312,
  "mean_es": -0.02992592751979828,
  "mean_y": 0.0005638907314278185,
  "std_y": 0.011967770755290985,
  "config": {
    "dataset": "industry49",
    "portfolio": "equal_weight",
    "model": "flatten_mlp",
    "alpha": 0.01,
    "lookback": 60,
    "vol_lookback": 20,
    "min_assets": 5,
    "batch_size": 256,
    "num_workers": 4,
    "max_epochs": 50,
    "patience": 10,
    "lr": 0.001,
    "weight_decay": 0.0001,
    "seed": 42
  }
}