{
  "var_drift": {
    "mean_abs_drift": 0.004759291186928749,
    "median_abs_drift": 0.0023947698064148426,
    "max_abs_drift": 0.08834867179393768
  },
  "es_drift": {
    "mean_abs_drift": 0.007257877383381128,
    "median_abs_drift": 0.005744249559938908,
    "max_abs_drift": 0.0860409289598465
  },
  "n_perm": 20,
  "dataset": "industry49",
  "portfolio": "equal_weight",
  "model": "flatten_mlp"
}