{
  "test_loss": 0.0010614426776070895,
  "coverage_rate": 0.07492354740061162,
  "coverage_error": 0.024923547400611618,
  "avg_exceedance_loss": 0.005400640424340963,
  "mean_var": -0.012098086066544056,
  "mean_es": -0.01638481765985489,
  "mean_y": 0.0005561831640079618,
  "std_y": 0.011180025525391102,
  "config": {
    "dataset": "industry12",
    "portfolio": "vol_scaled",
    "model": "flatten_mlp",
    "alpha": 0.05,
    "lookback": 60,
    "vol_lookback": 20,
    "min_assets": 5,
    "batch_size": 256,
    "num_workers": 4,
    "max_epochs": 50,
    "patience": 10,
    "lr": 0.001,
    "weight_decay": 0.0001,
    "seed": 42
  }
}