{
  "var_drift": {
    "mean_abs_drift": 8.326816458570363e-10,
    "median_abs_drift": 0.0,
    "max_abs_drift": 4.470348358154297e-08
  },
  "es_drift": {
    "mean_abs_drift": 1.3030778678313482e-09,
    "median_abs_drift": 0.0,
    "max_abs_drift": 5.960464477539063e-08
  },
  "n_perm": 100,
  "dataset": "industry12",
  "portfolio": "equal_weight",
  "model": "set_attention"
}