{
  "test_loss": 0.0009665061635103847,
  "coverage_rate": 0.06715086646279307,
  "coverage_error": 0.01715086646279307,
  "avg_exceedance_loss": 0.0045911273919045925,
  "mean_var": -0.012245580554008484,
  "mean_es": -0.015968898311257362,
  "mean_y": 0.0005638907314278185,
  "std_y": 0.011967770755290985,
  "config": {
    "dataset": "industry49",
    "portfolio": "equal_weight",
    "model": "set_attention",
    "alpha": 0.05,
    "lookback": 60,
    "vol_lookback": 20,
    "min_assets": 5,
    "batch_size": 256,
    "num_workers": 4,
    "max_epochs": 50,
    "patience": 10,
    "lr": 0.001,
    "weight_decay": 0.0001,
    "seed": 42
  }
}