{
  "var_drift": {
    "mean_abs_drift": 4.778716311548692e-10,
    "median_abs_drift": 0.0,
    "max_abs_drift": 2.2351741790771484e-08
  },
  "es_drift": {
    "mean_abs_drift": 7.096817022933521e-10,
    "median_abs_drift": 0.0,
    "max_abs_drift": 2.2351741790771484e-08
  },
  "n_perm": 100,
  "dataset": "industry12",
  "portfolio": "vol_scaled",
  "model": "set_attention"
}