{
  "var_drift": {
    "mean_abs_drift": 9.360135999614272e-10,
    "median_abs_drift": 0.0,
    "max_abs_drift": 5.960464477539063e-08
  },
  "es_drift": {
    "mean_abs_drift": 1.3709025026287236e-09,
    "median_abs_drift": 0.0,
    "max_abs_drift": 5.960464477539063e-08
  },
  "n_perm": 100,
  "dataset": "industry49",
  "portfolio": "equal_weight",
  "model": "set_attention"
}