{
  "var_drift": {
    "mean_abs_drift": 0.004061331041157246,
    "median_abs_drift": 0.002045656554400921,
    "max_abs_drift": 0.24685800075531006
  },
  "es_drift": {
    "mean_abs_drift": 0.00486783729866147,
    "median_abs_drift": 0.00271408399567008,
    "max_abs_drift": 0.24237419664859772
  },
  "n_perm": 100,
  "dataset": "industry12",
  "portfolio": "equal_weight",
  "model": "flatten_mlp"
}