{
  "var_drift": {
    "mean_abs_drift": 1.0275722495123318e-09,
    "median_abs_drift": 0.0,
    "max_abs_drift": 1.1920928955078125e-07
  },
  "es_drift": {
    "mean_abs_drift": 1.452729159190369e-09,
    "median_abs_drift": 0.0,
    "max_abs_drift": 1.1920928955078125e-07
  },
  "n_perm": 100,
  "dataset": "industry49",
  "portfolio": "vol_scaled",
  "model": "set_attention"
}