{
  "var_drift": {
    "mean_abs_drift": 7.483321740053839e-10,
    "median_abs_drift": 0.0,
    "max_abs_drift": 4.470348358154297e-08
  },
  "es_drift": {
    "mean_abs_drift": 1.1425446144741613e-09,
    "median_abs_drift": 0.0,
    "max_abs_drift": 4.470348358154297e-08
  },
  "n_perm": 100,
  "dataset": "industry12",
  "portfolio": "vol_scaled",
  "model": "set_attention"
}