{
  "test_loss": 0.000924070346146389,
  "coverage_rate": 0.08295107033639144,
  "coverage_error": 0.03295107033639144,
  "avg_exceedance_loss": 0.0044420016929507256,
  "mean_var": -0.010215549729764462,
  "mean_es": -0.013110469095408916,
  "mean_y": 0.0005633484688587487,
  "std_y": 0.011412269435822964,
  "config": {
    "dataset": "industry49",
    "portfolio": "vol_scaled",
    "model": "set_attention",
    "alpha": 0.05,
    "lookback": 60,
    "vol_lookback": 20,
    "min_assets": 5,
    "batch_size": 256,
    "num_workers": 4,
    "max_epochs": 50,
    "patience": 10,
    "lr": 0.001,
    "weight_decay": 0.0001,
    "seed": 42
  }
}