{
  "var_drift": {
    "mean_abs_drift": 5.20326282060779e-10,
    "median_abs_drift": 0.0,
    "max_abs_drift": 3.725290298461914e-08
  },
  "es_drift": {
    "mean_abs_drift": 8.155154329614334e-10,
    "median_abs_drift": 0.0,
    "max_abs_drift": 4.470348358154297e-08
  },
  "n_perm": 100,
  "dataset": "industry49",
  "portfolio": "equal_weight",
  "model": "set_attention"
}