{
  "test_loss": 0.00034454170515747486,
  "coverage_rate": 0.017074413863404688,
  "coverage_error": 0.007074413863404688,
  "avg_exceedance_loss": 0.005417475011199713,
  "mean_var": -0.02279486134648323,
  "mean_es": -0.028772354125976562,
  "mean_y": 0.0005638907314278185,
  "std_y": 0.011967770755290985,
  "config": {
    "dataset": "industry49",
    "portfolio": "equal_weight",
    "model": "set_attention",
    "alpha": 0.01,
    "lookback": 60,
    "vol_lookback": 20,
    "min_assets": 5,
    "batch_size": 256,
    "num_workers": 4,
    "max_epochs": 50,
    "patience": 10,
    "lr": 0.001,
    "weight_decay": 0.0001,
    "seed": 42
  }
}