{
  "var_drift": {
    "mean_abs_drift": 5.264138569494037e-10,
    "median_abs_drift": 0.0,
    "max_abs_drift": 4.470348358154297e-08
  },
  "es_drift": {
    "mean_abs_drift": 7.801560508724492e-10,
    "median_abs_drift": 0.0,
    "max_abs_drift": 4.470348358154297e-08
  },
  "n_perm": 100,
  "dataset": "industry49",
  "portfolio": "equal_weight",
  "model": "set_attention"
}