{
  "test_loss": 0.0011324421499683032,
  "coverage_rate": 0.06778797145769623,
  "coverage_error": 0.017787971457696228,
  "avg_exceedance_loss": 0.006383862812072039,
  "mean_var": -0.012505993247032166,
  "mean_es": -0.014688386581838131,
  "mean_y": 0.0005638907314278185,
  "std_y": 0.011967770755290985,
  "config": {
    "dataset": "industry49",
    "portfolio": "equal_weight",
    "model": "flatten_mlp",
    "alpha": 0.05,
    "lookback": 60,
    "vol_lookback": 20,
    "min_assets": 5,
    "batch_size": 256,
    "num_workers": 4,
    "max_epochs": 50,
    "patience": 10,
    "lr": 0.001,
    "weight_decay": 0.0001,
    "seed": 42
  }
}