{
  "var_drift": {
    "mean_abs_drift": 0.004069474060088396,
    "median_abs_drift": 0.0030459363479167223,
    "max_abs_drift": 0.08081773668527603
  },
  "es_drift": {
    "mean_abs_drift": 0.004885450005531311,
    "median_abs_drift": 0.0035744523629546165,
    "max_abs_drift": 0.0876283347606659
  },
  "n_perm": 20,
  "dataset": "industry49",
  "portfolio": "equal_weight",
  "model": "flatten_mlp"
}