{
  "test_loss": 0.0003492999574770936,
  "coverage_rate": 0.016055045871559634,
  "coverage_error": 0.006055045871559634,
  "avg_exceedance_loss": 0.006685208063572645,
  "mean_var": -0.02108919247984886,
  "mean_es": -0.024696998298168182,
  "mean_y": 0.0005561831640079618,
  "std_y": 0.011180025525391102,
  "config": {
    "dataset": "industry12",
    "portfolio": "vol_scaled",
    "model": "flatten_mlp",
    "alpha": 0.01,
    "lookback": 60,
    "vol_lookback": 20,
    "min_assets": 5,
    "batch_size": 256,
    "num_workers": 4,
    "max_epochs": 50,
    "patience": 10,
    "lr": 0.001,
    "weight_decay": 0.0001,
    "seed": 42
  }
}