{
  "var_drift": {
    "mean_abs_drift": 7.797631429440344e-10,
    "median_abs_drift": 0.0,
    "max_abs_drift": 4.470348358154297e-08
  },
  "es_drift": {
    "mean_abs_drift": 1.155353812620774e-09,
    "median_abs_drift": 0.0,
    "max_abs_drift": 2.9802322387695312e-08
  },
  "n_perm": 20,
  "dataset": "industry12",
  "portfolio": "equal_weight",
  "model": "set_attention"
}