{
  "var_drift": {
    "mean_abs_drift": 8.390210193276459e-10,
    "median_abs_drift": 0.0,
    "max_abs_drift": 4.470348358154297e-08
  },
  "es_drift": {
    "mean_abs_drift": 1.2363698953521407e-09,
    "median_abs_drift": 0.0,
    "max_abs_drift": 4.470348358154297e-08
  },
  "n_perm": 20,
  "dataset": "industry49",
  "portfolio": "vol_scaled",
  "model": "set_attention"
}