{
  "var_drift": {
    "mean_abs_drift": 7.951569958031257e-10,
    "median_abs_drift": 0.0,
    "max_abs_drift": 5.960464477539063e-08
  },
  "es_drift": {
    "mean_abs_drift": 1.0941485495408187e-09,
    "median_abs_drift": 0.0,
    "max_abs_drift": 5.960464477539063e-08
  },
  "n_perm": 100,
  "dataset": "industry12",
  "portfolio": "equal_weight",
  "model": "set_attention"
}