{
  "var_drift": {
    "mean_abs_drift": 1.0522710480742603e-09,
    "median_abs_drift": 0.0,
    "max_abs_drift": 2.2351741790771484e-08
  },
  "es_drift": {
    "mean_abs_drift": 1.659323012326297e-09,
    "median_abs_drift": 0.0,
    "max_abs_drift": 2.9802322387695312e-08
  },
  "n_perm": 100,
  "dataset": "industry49",
  "portfolio": "equal_weight",
  "model": "set_attention"
}