{
  "test_loss": 0.0010987615983441442,
  "coverage_rate": 0.07785423037716616,
  "coverage_error": 0.027854230377166153,
  "avg_exceedance_loss": 0.006029720883816481,
  "mean_var": -0.01140034943819046,
  "mean_es": -0.013966917060315609,
  "mean_y": 0.0005633484688587487,
  "std_y": 0.011412269435822964,
  "config": {
    "dataset": "industry49",
    "portfolio": "vol_scaled",
    "model": "flatten_mlp",
    "alpha": 0.05,
    "lookback": 60,
    "vol_lookback": 20,
    "min_assets": 5,
    "batch_size": 256,
    "num_workers": 4,
    "max_epochs": 50,
    "patience": 10,
    "lr": 0.001,
    "weight_decay": 0.0001,
    "seed": 42
  }
}