{
  "var_drift": {
    "mean_abs_drift": 9.858550642505293e-10,
    "median_abs_drift": 0.0,
    "max_abs_drift": 5.960464477539063e-08
  },
  "es_drift": {
    "mean_abs_drift": 1.4206668064176142e-09,
    "median_abs_drift": 0.0,
    "max_abs_drift": 5.960464477539063e-08
  },
  "n_perm": 100,
  "dataset": "industry49",
  "portfolio": "vol_scaled",
  "model": "set_attention"
}