{
  "var_drift": {
    "mean_abs_drift": 0.0037676896899938583,
    "median_abs_drift": 0.002139933407306671,
    "max_abs_drift": 0.06923779845237732
  },
  "es_drift": {
    "mean_abs_drift": 0.005339745432138443,
    "median_abs_drift": 0.0031387200579047203,
    "max_abs_drift": 0.10586582869291306
  },
  "n_perm": 100,
  "dataset": "industry49",
  "portfolio": "equal_weight",
  "model": "flatten_mlp"
}