{
  "var_drift": {
    "mean_abs_drift": 4.6143280862942504e-10,
    "median_abs_drift": 0.0,
    "max_abs_drift": 2.2351741790771484e-08
  },
  "es_drift": {
    "mean_abs_drift": 6.885635395192935e-10,
    "median_abs_drift": 0.0,
    "max_abs_drift": 2.2351741790771484e-08
  },
  "n_perm": 100,
  "dataset": "industry49",
  "portfolio": "vol_scaled",
  "model": "set_attention"
}