{
  "test_loss": 0.00032551582783050495,
  "coverage_rate": 0.011085626911314985,
  "coverage_error": 0.0010856269113149845,
  "avg_exceedance_loss": 0.005591139197349548,
  "mean_var": -0.02449945919215679,
  "mean_es": -0.03037777543067932,
  "mean_y": 0.0005561831640079618,
  "std_y": 0.011180025525391102,
  "config": {
    "dataset": "industry12",
    "portfolio": "vol_scaled",
    "model": "set_attention",
    "alpha": 0.01,
    "lookback": 60,
    "vol_lookback": 20,
    "min_assets": 5,
    "batch_size": 256,
    "num_workers": 4,
    "max_epochs": 50,
    "patience": 10,
    "lr": 0.001,
    "weight_decay": 0.0001,
    "seed": 42
  }
}