{
  "var_drift": {
    "mean_abs_drift": 9.252347776822489e-10,
    "median_abs_drift": 0.0,
    "max_abs_drift": 2.9802322387695312e-08
  },
  "es_drift": {
    "mean_abs_drift": 1.3051569824895637e-09,
    "median_abs_drift": 0.0,
    "max_abs_drift": 2.9802322387695312e-08
  },
  "n_perm": 20,
  "dataset": "industry12",
  "portfolio": "vol_scaled",
  "model": "set_attention"
}