{
  "var_drift": {
    "mean_abs_drift": 4.240441331404554e-10,
    "median_abs_drift": 0.0,
    "max_abs_drift": 1.4901161193847656e-08
  },
  "es_drift": {
    "mean_abs_drift": 6.471291835730142e-10,
    "median_abs_drift": 0.0,
    "max_abs_drift": 1.4901161193847656e-08
  },
  "n_perm": 100,
  "dataset": "industry12",
  "portfolio": "vol_scaled",
  "model": "set_attention"
}